Name,beta,beta_error+,beta_error-,beta_uplim,beta_lowlim,IRX,IRX_error+,IRX_error-,UV,UV_error,IR,IR_error
A2744YD4,-1.63,0.53,0.53,0,0,0.86,0.86,0.22,,,,
MACS0416Y1,-1.72,0.5,0.5,0,0,0.61,0.61,0.61,,,,
A1689zD1,-1.1,0.83,0.83,0,0,1.09,1.09,0.05,,,,
SPT0311-58E,-0.88,0.58,0.58,0,0,1.8,0.04,0.04,,,,
HZ4,-1.2,0.36,0.36,0,0,-0.005043226180619,0.54230987451825,0.54230987451825,11.26,0.05,11.13,0.54
HZ6,-1.13,0.22,0.71,0,0,-0.016405159275055,0.640702739185654,0.640702739185654,11.33,0.03,10.91,0.64
HZ9,-0.85,0.22,0.95,0,0,0.02358564687001,0.196468827043885,0.196468827043885,10.93,0.05,11.54,0.19
HZ10,-0.6,0,0,0,1,0.022008465264209,0.1,0.1,11.35,0.06,11.94,0.08
